bench;vm;suite;extra_args;cores;input_sizes;variable_values;;;arithmetic mean;geometric mean;median;stdDev;#samples;min;max;Conf. Interval Low;Conf. Interval High;Conf. Interval Size Abs.;Conf.IntervalSize/Mean
benchmarks/binarytrees.lua-3.lua;lua-x86;tilera;10;1;1;None;pass1;total;113,333333;112,662317;110,000000;12,472191;3,000000;100,000000;130,000000;92,307034;134,359633;42,052599;0,371052
benchmarks/partialsums.lua-2.lua;lua-x86;tilera;500000;1;1;None;;total;613,333333;613,207152;610,000000;12,472191;3,000000;600,000000;630,000000;592,307034;634,359633;42,052599;0,068564
benchmarks/strcat.lua-2.lua;luajit;tilera;15000;1;1;None;;total;7160,000000;7160,000000;7160,000000;0,000000;2,000000;7160,000000;7160,000000;7160,000000;7160,000000;0,000000;0,000000
benchmarks/matrix.lua;lua-x86;tilera;100;1;1;None;pass1;total;220,000000;220,000000;220,000000;0,000000;2,000000;220,000000;220,000000;220,000000;220,000000;0,000000;0,000000
benchmarks/except.lua;luajit;tilera;250000;1;1;None;;total;20,000000;20,000000;20,000000;0,000000;2,000000;20,000000;20,000000;20,000000;20,000000;0,000000;0,000000
benchmarks/except.lua;luajit;tilera;250000;1;1;None;pass1;total;20,000000;20,000000;20,000000;0,000000;2,000000;20,000000;20,000000;20,000000;20,000000;0,000000;0,000000
benchmarks/spectralnorm.lua;lua;tilera;220;1;1;None;;total;18690,000000;18690,000000;18690,000000;0,000000;2,000000;18690,000000;18690,000000;18690,000000;18690,000000;0,000000;0,000000
benchmarks/harmonic.lua;lua-x86;tilera;20000000;1;1;None;pass1;total;360,000000;360,000000;360,000000;0,000000;2,000000;360,000000;360,000000;360,000000;360,000000;0,000000;0,000000
benchmarks/takfp.lua;lua;tilera;8;1;1;None;;total;5100,000000;5100,000000;5100,000000;0,000000;2,000000;5100,000000;5100,000000;5100,000000;5100,000000;0,000000;0,000000
benchmarks/mandelbrot.lua;lua;tilera;400;1;1;None;;total;15755,000000;15754,999207;15755,000000;5,000000;2,000000;15750,000000;15760,000000;15732,677517;15777,322483;44,644965;0,002834
benchmarks/mandelbrot.lua-2.lua;lua-x86;tilera;350;1;1;None;pass2;total;260,000000;260,000000;260,000000;0,000000;3,000000;260,000000;260,000000;260,000000;260,000000;0,000000;0,000000
benchmarks/nbody.lua-4.lua;lua-x86;tilera;30000;1;1;None;pass1;total;216,666667;216,016460;210,000000;16,996732;3,000000;200,000000;240,000000;188,012651;245,320683;57,308032;0,264499
benchmarks/nestedloop.lua;luajit;tilera;14;1;1;None;;total;7240,000000;7240,000000;7240,000000;0,000000;2,000000;7240,000000;7240,000000;7240,000000;7240,000000;0,000000;0,000000
benchmarks/mandelbrot.lua-2.lua;luajit;tilera;350;1;1;None;pass2;total;5740,000000;5740,000000;5740,000000;0,000000;2,000000;5740,000000;5740,000000;5740,000000;5740,000000;0,000000;0,000000
benchmarks/wc.lua;lua;tilera;12;1;1;None;;total;0,000000;0,000000;0,000000;0,000000;0,000000;0,000000;0,000000;0,000000;0,000000;0,000000;0,000000
benchmarks/binarytrees.lua-3.lua;luajit;tilera;10;1;1;None;pass2;total;2973,333333;2973,149814;2980,000000;32,998316;3,000000;2930,000000;3010,000000;2917,702974;3028,963692;111,260718;0,037420
benchmarks/mandelbrot.lua;luajit;tilera;400;1;1;None;;total;15230,000000;15230,000000;15230,000000;0,000000;2,000000;15230,000000;15230,000000;15230,000000;15230,000000;0,000000;0,000000
benchmarks/partialsums.lua-3.lua;lua-x86;tilera;500000;1;1;None;;total;640,000000;640,000000;640,000000;0,000000;2,000000;640,000000;640,000000;640,000000;640,000000;0,000000;0,000000
benchmarks/wc.lua;lua-x86;tilera;12;1;1;None;;total;0,000000;0,000000;0,000000;0,000000;0,000000;0,000000;0,000000;0,000000;0,000000;0,000000;0,000000
benchmarks/sieve.lua;lua;tilera;200;1;1;None;pass2;total;6345,000000;6344,998030;6345,000000;5,000000;2,000000;6340,000000;6350,000000;6322,677517;6367,322483;44,644965;0,007036
benchmarks/matrix.lua;lua;tilera;100;1;1;None;pass1;total;4740,000000;4740,000000;4740,000000;0,000000;2,000000;4740,000000;4740,000000;4740,000000;4740,000000;0,000000;0,000000
benchmarks/partialsums.lua-2.lua;lua;tilera;500000;1;1;None;pass2;total;26870,000000;26869,887152;26860,000000;77,888810;3,000000;26780,000000;26970,000000;26738,690803;27001,309197;262,618394;0,009774
benchmarks/binarytrees.lua-2.lua;luajit;tilera;10;1;1;None;;total;6036,666667;6036,097943;6090,000000;82,596745;3,000000;5920,000000;6100,000000;5897,420576;6175,912757;278,492181;0,046133
benchmarks/mandelbrot.lua-2.lua;luajit;tilera;350;1;1;None;;total;11505,000000;11504,998914;11505,000000;5,000000;2,000000;11500,000000;11510,000000;11482,677517;11527,322483;44,644965;0,003880
benchmarks/nsieve.lua-3.lua;lua-x86;tilera;6;1;1;None;pass1;total;196,666667;196,445537;190,000000;9,428090;3,000000;190,000000;210,000000;180,772278;212,561055;31,788777;0,161638
benchmarks/sieve.lua;lua-x86;tilera;200;1;1;None;;total;400,000000;400,000000;400,000000;0,000000;2,000000;400,000000;400,000000;400,000000;400,000000;0,000000;0,000000
benchmarks/binarytrees.lua-2.lua;lua;tilera;10;1;1;None;;total;4413,333333;4413,000359;4380,000000;54,365021;3,000000;4370,000000;4490,000000;4321,681819;4504,984847;183,303028;0,041534
benchmarks/random.lua;luajit;tilera;2000000;1;1;None;;total;0,000000;0,000000;0,000000;0,000000;0,000000;0,000000;0,000000;0,000000;0,000000;0,000000;0,000000
benchmarks/strcat.lua-2.lua;lua-x86;tilera;15000;1;1;None;pass1;total;165,000000;164,924225;165,000000;5,000000;2,000000;160,000000;170,000000;142,677517;187,322483;44,644965;0,270576
benchmarks/takfp.lua;lua-x86;tilera;8;1;1;None;pass1;total;140,000000;140,000000;140,000000;0,000000;2,000000;140,000000;140,000000;140,000000;140,000000;0,000000;0,000000
benchmarks/nbody.lua;luajit;tilera;30000;1;1;None;;total;10180,000000;10180,000000;10180,000000;0,000000;2,000000;10180,000000;10180,000000;10180,000000;10180,000000;0,000000;0,000000
benchmarks/fasta.lua;lua-x86;tilera;200000;1;1;None;;total;573,333333;573,314028;570,000000;4,714045;3,000000;570,000000;580,000000;565,386139;581,280527;15,894388;0,027723
benchmarks/nsievebits.lua;luajit;tilera;5;1;1;None;;total;0,000000;0,000000;0,000000;0,000000;0,000000;0,000000;0,000000;0,000000;0,000000;0,000000;0,000000
benchmarks/sieve.lua;lua-x86;tilera;200;1;1;None;pass2;total;200,000000;200,000000;200,000000;0,000000;2,000000;200,000000;200,000000;200,000000;200,000000;0,000000;0,000000
benchmarks/fannkuchredux.lua;lua-x86;tilera;9;1;1;None;pass2;total;670,000000;669,950245;670,000000;8,164966;3,000000;660,000000;680,000000;656,235056;683,764944;27,529888;0,041089
benchmarks/binarytrees.lua-2.lua;luajit;tilera;10;1;1;None;pass2;total;3023,333333;3022,996602;3050,000000;44,969125;3,000000;2960,000000;3060,000000;2947,521933;3099,144734;151,622801;0,050151
benchmarks/binarytrees.lua-3.lua;luajit;tilera;10;1;1;None;;total;5960,000000;5959,759104;5970,000000;53,541261;3,000000;5890,000000;6020,000000;5869,737226;6050,262774;180,525549;0,030290
benchmarks/process.lua;lua;tilera;100;1;1;None;pass2;total;0,000000;0,000000;0,000000;0,000000;3,000000;0,000000;0,000000;0,000000;0,000000;0,000000;-nan
benchmarks/prodcons.lua;lua-x86;tilera;500000;1;1;None;pass1;total;263,333333;263,291489;260,000000;4,714045;3,000000;260,000000;270,000000;255,386139;271,280527;15,894388;0,060358
benchmarks/sieve.lua-2.lua;lua;tilera;200;1;1;None;pass1;total;7310,000000;7310,000000;7310,000000;0,000000;3,000000;7310,000000;7310,000000;7310,000000;7310,000000;0,000000;0,000000
benchmarks/nestedloop.lua;luajit;tilera;14;1;1;None;pass1;total;3630,000000;3630,000000;3630,000000;0,000000;2,000000;3630,000000;3630,000000;3630,000000;3630,000000;0,000000;0,000000
benchmarks/nbody.lua;lua;tilera;30000;1;1;None;pass2;total;5656,666667;5656,641158;5650,000000;16,996732;3,000000;5640,000000;5680,000000;5628,012651;5685,320683;57,308032;0,010131
benchmarks/hello.lua;lua-x86;tilera;0,000000;1;1;None;;total;0,000000;0,000000;0,000000;0,000000;3,000000;0,000000;0,000000;0,000000;0,000000;0,000000;-nan
benchmarks/strcat.lua;lua-x86;tilera;800000;1;1;None;pass2;total;280,000000;279,880902;280,000000;8,164966;3,000000;270,000000;290,000000;266,235056;293,764944;27,529888;0,098321
benchmarks/ary.lua;luajit;tilera;10000;1;1;None;pass2;total;13900,000000;13899,996403;13900,000000;10,000000;2,000000;13890,000000;13910,000000;13855,355035;13944,644965;89,289930;0,006424
benchmarks/fannkuch.lua-2.lua;lua;tilera;9;1;1;None;;total;21326,666667;21326,647387;21330,000000;28,674418;3,000000;21290,000000;21360,000000;21278,325772;21375,007561;96,681790;0,004533
benchmarks/spectralnorm.lua;lua-x86;tilera;220;1;1;None;;total;450,000000;450,000000;450,000000;0,000000;2,000000;450,000000;450,000000;450,000000;450,000000;0,000000;0,000000
benchmarks/nsieve.lua-3.lua;lua;tilera;6;1;1;None;;total;10345,000000;10344,998792;10345,000000;5,000000;2,000000;10340,000000;10350,000000;10322,677517;10367,322483;44,644965;0,004316
benchmarks/fibo.lua;lua-x86;tilera;30;1;1;None;;total;420,000000;419,765553;410,000000;14,142136;3,000000;410,000000;440,000000;396,158418;443,841582;47,683165;0,113531
benchmarks/nbody.lua-2.lua;luajit;tilera;30000;1;1;None;pass2;total;4850,000000;4850,000000;4850,000000;0,000000;2,000000;4850,000000;4850,000000;4850,000000;4850,000000;0,000000;0,000000
benchmarks/nbody.lua-2.lua;lua;tilera;30000;1;1;None;pass1;total;5370,000000;5370,000000;5370,000000;0,000000;2,000000;5370,000000;5370,000000;5370,000000;5370,000000;0,000000;0,000000
benchmarks/fasta.lua;luajit;tilera;200000;1;1;None;pass1;total;10725,000000;10724,998834;10725,000000;5,000000;2,000000;10720,000000;10730,000000;10702,677517;10747,322483;44,644965;0,004163
benchmarks/sieve.lua-2.lua;luajit;tilera;200;1;1;None;pass1;total;6105,000000;6104,997952;6105,000000;5,000000;2,000000;6100,000000;6110,000000;6082,677517;6127,322483;44,644965;0,007313
benchmarks/hello.lua;luajit;tilera;0,000000;1;1;None;pass1;total;20,000000;20,000000;20,000000;0,000000;2,000000;20,000000;20,000000;20,000000;20,000000;0,000000;0,000000
benchmarks/strcat.lua;luajit;tilera;800000;1;1;None;pass1;total;3356,666667;3356,643473;3360,000000;12,472191;3,000000;3340,000000;3370,000000;3335,640367;3377,692966;42,052599;0,012528
benchmarks/hash.lua;lua;tilera;150000;1;1;None;;total;10100,000000;10099,976917;10090,000000;21,602469;3,000000;10080,000000;10130,000000;10063,581381;10136,418619;72,837237;0,007212
benchmarks/takfp.lua;luajit;tilera;8;1;1;None;pass2;total;1550,000000;1550,000000;1550,000000;0,000000;2,000000;1550,000000;1550,000000;1550,000000;1550,000000;0,000000;0,000000
benchmarks/nbody.lua-2.lua;lua;tilera;30000;1;1;None;pass2;total;5360,000000;5360,000000;5360,000000;0,000000;2,000000;5360,000000;5360,000000;5360,000000;5360,000000;0,000000;0,000000
benchmarks/random.lua;lua-x86;tilera;2000000;1;1;None;pass2;total;253,333333;253,289851;250,000000;4,714045;3,000000;250,000000;260,000000;245,386139;261,280527;15,894388;0,062741
benchmarks/mandelbrot.lua;luajit;tilera;400;1;1;None;pass2;total;7600,000000;7600,000000;7600,000000;0,000000;2,000000;7600,000000;7600,000000;7600,000000;7600,000000;0,000000;0,000000
benchmarks/matrix.lua;lua-x86;tilera;100;1;1;None;;total;450,000000;450,000000;450,000000;0,000000;2,000000;450,000000;450,000000;450,000000;450,000000;0,000000;0,000000
benchmarks/binarytrees.lua-3.lua;lua-x86;tilera;10;1;1;None;pass2;total;113,333333;113,237135;110,000000;4,714045;3,000000;110,000000;120,000000;105,386139;121,280527;15,894388;0,140245
benchmarks/nbody.lua;lua;tilera;30000;1;1;None;;total;11326,666667;11326,618626;11320,000000;32,998316;3,000000;11290,000000;11370,000000;11271,036308;11382,297026;111,260718;0,009823
benchmarks/sieve.lua-2.lua;lua-x86;tilera;200;1;1;None;pass1;total;240,000000;240,000000;240,000000;0,000000;2,000000;240,000000;240,000000;240,000000;240,000000;0,000000;0,000000
benchmarks/partialsums.lua-3.lua;lua;tilera;500000;1;1;None;pass2;total;26933,333333;26933,308171;26930,000000;36,817870;3,000000;26890,000000;26980,000000;26871,263763;26995,402904;124,139141;0,004609
benchmarks/except.lua;luajit;tilera;250000;1;1;None;pass2;total;0,000000;0,000000;0,000000;0,000000;2,000000;0,000000;0,000000;0,000000;0,000000;0,000000;-nan
benchmarks/harmonic.lua;lua;tilera;20000000;1;1;None;pass2;total;41620,000000;41620,000000;41620,000000;0,000000;2,000000;41620,000000;41620,000000;41620,000000;41620,000000;0,000000;0,000000
benchmarks/lists.lua;lua-x86;tilera;25;1;1;None;;total;653,333333;653,214843;650,000000;12,472191;3,000000;640,000000;670,000000;632,307034;674,359633;42,052599;0,064366
benchmarks/nbody.lua-2.lua;lua-x86;tilera;30000;1;1;None;;total;406,666667;406,639193;410,000000;4,714045;3,000000;400,000000;410,000000;398,719473;414,613861;15,894388;0,039085
benchmarks/harmonic.lua;lua-x86;tilera;20000000;1;1;None;pass2;total;360,000000;360,000000;360,000000;0,000000;2,000000;360,000000;360,000000;360,000000;360,000000;0,000000;0,000000
benchmarks/hello.lua;luajit;tilera;0,000000;1;1;None;pass2;total;0,000000;0,000000;0,000000;0,000000;2,000000;0,000000;0,000000;0,000000;0,000000;0,000000;-nan
benchmarks/nbody.lua;luajit;tilera;30000;1;1;None;pass1;total;5100,000000;5100,000000;5100,000000;0,000000;2,000000;5100,000000;5100,000000;5100,000000;5100,000000;0,000000;0,000000
benchmarks/nsieve.lua-3.lua;luajit;tilera;6;1;1;None;pass2;total;3856,666667;3856,663784;3860,000000;4,714045;3,000000;3850,000000;3860,000000;3848,719473;3864,613861;15,894388;0,004121
benchmarks/nsievebits.lua;lua;tilera;5;1;1;None;pass1;total;8306,666667;8306,649290;8300,000000;16,996732;3,000000;8290,000000;8330,000000;8278,012651;8335,320683;57,308032;0,006899
benchmarks/strcat.lua-2.lua;lua;tilera;15000;1;1;None;pass1;total;3640,000000;3640,000000;3640,000000;0,000000;3,000000;3640,000000;3640,000000;3640,000000;3640,000000;0,000000;0,000000
benchmarks/partialsums.lua-3.lua;lua-x86;tilera;500000;1;1;None;pass1;total;320,000000;320,000000;320,000000;0,000000;2,000000;320,000000;320,000000;320,000000;320,000000;0,000000;0,000000
benchmarks/hash.lua;luajit;tilera;150000;1;1;None;;total;10516,666667;10516,627563;10520,000000;28,674418;3,000000;10480,000000;10550,000000;10468,325772;10565,007561;96,681790;0,009193
benchmarks/strcat.lua-2.lua;lua;tilera;15000;1;1;None;pass2;total;3546,666667;3546,663532;3550,000000;4,714045;3,000000;3540,000000;3550,000000;3538,719473;3554,613861;15,894388;0,004482
benchmarks/matrix.lua;lua;tilera;100;1;1;None;pass2;total;4730,000000;4730,000000;4730,000000;0,000000;2,000000;4730,000000;4730,000000;4730,000000;4730,000000;0,000000;0,000000
benchmarks/nbody.lua-2.lua;lua-x86;tilera;30000;1;1;None;pass1;total;200,000000;200,000000;200,000000;0,000000;3,000000;200,000000;200,000000;200,000000;200,000000;0,000000;0,000000
benchmarks/recursive.lua;lua-x86;tilera;4;1;1;None;pass2;total;290,000000;290,000000;290,000000;0,000000;2,000000;290,000000;290,000000;290,000000;290,000000;0,000000;0,000000
benchmarks/hash2.lua;luajit;tilera;200;1;1;None;pass1;total;4103,333333;4103,322490;4110,000000;9,428090;3,000000;4090,000000;4110,000000;4087,438945;4119,227722;31,788777;0,007747
benchmarks/harmonic.lua;lua;tilera;20000000;1;1;None;;total;83250,000000;83250,000000;83250,000000;0,000000;2,000000;83250,000000;83250,000000;83250,000000;83250,000000;0,000000;0,000000
benchmarks/prodcons.lua;lua;tilera;500000;1;1;None;;total;6620,000000;6620,000000;6620,000000;0,000000;2,000000;6620,000000;6620,000000;6620,000000;6620,000000;0,000000;0,000000
benchmarks/except.lua;lua;tilera;250000;1;1;None;;total;8250,000000;8250,000000;8250,000000;0,000000;2,000000;8250,000000;8250,000000;8250,000000;8250,000000;0,000000;0,000000
benchmarks/recursive.lua;luajit;tilera;4;1;1;None;;total;5260,000000;5260,000000;5260,000000;0,000000;2,000000;5260,000000;5260,000000;5260,000000;5260,000000;0,000000;0,000000
benchmarks/hello.lua;lua;tilera;0,000000;1;1;None;;total;10,000000;10,000000;10,000000;0,000000;2,000000;10,000000;10,000000;10,000000;10,000000;0,000000;0,000000
benchmarks/binarytrees.lua-2.lua;lua-x86;tilera;10;1;1;None;pass2;total;113,333333;113,237135;110,000000;4,714045;3,000000;110,000000;120,000000;105,386139;121,280527;15,894388;0,140245
benchmarks/prodcons.lua;lua-x86;tilera;500000;1;1;None;;total;526,666667;526,645480;530,000000;4,714045;3,000000;520,000000;530,000000;518,719473;534,613861;15,894388;0,030179
benchmarks/nsieve.lua-3.lua;lua-x86;tilera;6;1;1;None;pass2;total;193,333333;193,276506;190,000000;4,714045;3,000000;190,000000;200,000000;185,386139;201,280527;15,894388;0,082212
benchmarks/sieve.lua;lua-x86;tilera;200;1;1;None;pass1;total;200,000000;200,000000;200,000000;0,000000;2,000000;200,000000;200,000000;200,000000;200,000000;0,000000;0,000000
benchmarks/fasta.lua;lua;tilera;200000;1;1;None;pass2;total;11953,333333;11953,332404;11950,000000;4,714045;3,000000;11950,000000;11960,000000;11945,386139;11961,280527;15,894388;0,001330
benchmarks/random.lua;lua;tilera;2000000;1;1;None;pass2;total;12215,000000;12214,998977;12215,000000;5,000000;2,000000;12210,000000;12220,000000;12192,677517;12237,322483;44,644965;0,003655
benchmarks/fibo.lua;luajit;tilera;30;1;1;None;;total;6873,333333;6873,331717;6870,000000;4,714045;3,000000;6870,000000;6880,000000;6865,386139;6881,280527;15,894388;0,002312
benchmarks/nsieve.lua-3.lua;lua;tilera;6;1;1;None;pass1;total;5085,000000;5084,997542;5085,000000;5,000000;2,000000;5080,000000;5090,000000;5062,677517;5107,322483;44,644965;0,008780
benchmarks/spectralnorm.lua;lua-x86;tilera;220;1;1;None;pass2;total;230,000000;230,000000;230,000000;0,000000;2,000000;230,000000;230,000000;230,000000;230,000000;0,000000;0,000000
benchmarks/takfp.lua;lua-x86;tilera;8;1;1;None;;total;290,000000;290,000000;290,000000;0,000000;2,000000;290,000000;290,000000;290,000000;290,000000;0,000000;0,000000
benchmarks/ary.lua;lua;tilera;10000;1;1;None;;total;33685,000000;33684,999629;33685,000000;5,000000;2,000000;33680,000000;33690,000000;33662,677517;33707,322483;44,644965;0,001325
benchmarks/lists.lua;lua-x86;tilera;25;1;1;None;pass2;total;320,000000;320,000000;320,000000;0,000000;3,000000;320,000000;320,000000;320,000000;320,000000;0,000000;0,000000
benchmarks/takfp.lua;lua-x86;tilera;8;1;1;None;pass2;total;150,000000;150,000000;150,000000;0,000000;2,000000;150,000000;150,000000;150,000000;150,000000;0,000000;0,000000
benchmarks/recursive.lua;lua;tilera;4;1;1;None;;total;10190,000000;10190,000000;10190,000000;0,000000;2,000000;10190,000000;10190,000000;10190,000000;10190,000000;0,000000;0,000000
benchmarks/strcat.lua;lua-x86;tilera;800000;1;1;None;pass1;total;270,000000;270,000000;270,000000;0,000000;3,000000;270,000000;270,000000;270,000000;270,000000;0,000000;0,000000
benchmarks/nbody.lua-2.lua;luajit;tilera;30000;1;1;None;;total;9730,000000;9730,000000;9730,000000;0,000000;2,000000;9730,000000;9730,000000;9730,000000;9730,000000;0,000000;0,000000
benchmarks/hash2.lua;lua-x86;tilera;200;1;1;None;pass2;total;266,666667;266,624646;270,000000;4,714045;3,000000;260,000000;270,000000;258,719473;274,613861;15,894388;0,059604
benchmarks/fasta.lua;luajit;tilera;200000;1;1;None;pass2;total;10525,000000;10524,998812;10525,000000;5,000000;2,000000;10520,000000;10530,000000;10502,677517;10547,322483;44,644965;0,004242
benchmarks/lists.lua;luajit;tilera;25;1;1;None;pass2;total;4290,000000;4290,000000;4290,000000;0,000000;2,000000;4290,000000;4290,000000;4290,000000;4290,000000;0,000000;0,000000
benchmarks/strcat.lua;lua;tilera;800000;1;1;None;;total;7040,000000;7039,187772;7020,000000;107,082523;3,000000;6920,000000;7180,000000;6859,474451;7220,525549;361,051097;0,051286
benchmarks/nbody.lua-4.lua;luajit;tilera;30000;1;1;None;pass1;total;4970,000000;4970,000000;4970,000000;0,000000;2,000000;4970,000000;4970,000000;4970,000000;4970,000000;0,000000;0,000000
benchmarks/process.lua;lua;tilera;100;1;1;None;pass1;total;10,000000;10,000000;10,000000;0,000000;3,000000;10,000000;10,000000;10,000000;10,000000;0,000000;0,000000
benchmarks/process.lua;lua-x86;tilera;100;1;1;None;pass1;total;0,000000;0,000000;0,000000;0,000000;3,000000;0,000000;0,000000;0,000000;0,000000;0,000000;-nan
benchmarks/fibo.lua;lua;tilera;30;1;1;None;pass2;total;3340,000000;3340,000000;3340,000000;0,000000;2,000000;3340,000000;3340,000000;3340,000000;3340,000000;0,000000;0,000000
benchmarks/hash2.lua;lua-x86;tilera;200;1;1;None;;total;543,333333;543,190983;540,000000;12,472191;3,000000;530,000000;560,000000;522,307034;564,359633;42,052599;0,077397
benchmarks/sieve.lua-2.lua;lua-x86;tilera;200;1;1;None;pass2;total;250,000000;250,000000;250,000000;0,000000;2,000000;250,000000;250,000000;250,000000;250,000000;0,000000;0,000000
benchmarks/nbody.lua-4.lua;luajit;tilera;30000;1;1;None;;total;9910,000000;9910,000000;9910,000000;0,000000;2,000000;9910,000000;9910,000000;9910,000000;9910,000000;0,000000;0,000000
benchmarks/strcat.lua-2.lua;lua;tilera;15000;1;1;None;;total;7186,666667;7186,665120;7190,000000;4,714045;3,000000;7180,000000;7190,000000;7178,719473;7194,613861;15,894388;0,002212
benchmarks/nbody.lua;lua-x86;tilera;30000;1;1;None;pass2;total;233,333333;233,286158;230,000000;4,714045;3,000000;230,000000;240,000000;225,386139;241,280527;15,894388;0,068119
benchmarks/nbody.lua-2.lua;luajit;tilera;30000;1;1;None;pass1;total;4880,000000;4880,000000;4880,000000;0,000000;2,000000;4880,000000;4880,000000;4880,000000;4880,000000;0,000000;0,000000
benchmarks/fannkuch.lua-2.lua;luajit;tilera;9;1;1;None;pass1;total;8220,000000;8220,000000;8220,000000;0,000000;2,000000;8220,000000;8220,000000;8220,000000;8220,000000;0,000000;0,000000
benchmarks/strcat.lua-2.lua;lua-x86;tilera;15000;1;1;None;;total;320,000000;320,000000;320,000000;0,000000;2,000000;320,000000;320,000000;320,000000;320,000000;0,000000;0,000000
benchmarks/sieve.lua-2.lua;luajit;tilera;200;1;1;None;pass2;total;6060,000000;6060,000000;6060,000000;0,000000;2,000000;6060,000000;6060,000000;6060,000000;6060,000000;0,000000;0,000000
benchmarks/nsievebits.lua;lua;tilera;5;1;1;None;pass2;total;8313,333333;8313,323981;8310,000000;12,472191;3,000000;8300,000000;8330,000000;8292,307034;8334,359633;42,052599;0,005058
benchmarks/hash.lua;lua;tilera;150000;1;1;None;pass2;total;3890,000000;3889,991431;3890,000000;8,164966;3,000000;3880,000000;3900,000000;3876,235056;3903,764944;27,529888;0,007077
benchmarks/partialsums.lua-2.lua;lua-x86;tilera;500000;1;1;None;pass1;total;306,666667;306,523773;300,000000;9,428090;3,000000;300,000000;320,000000;290,772278;322,561055;31,788777;0,103659
benchmarks/takfp.lua;luajit;tilera;8;1;1;None;pass1;total;1570,000000;1570,000000;1570,000000;0,000000;2,000000;1570,000000;1570,000000;1570,000000;1570,000000;0,000000;0,000000
benchmarks/ary.lua;lua;tilera;10000;1;1;None;pass1;total;16845,000000;16844,999258;16845,000000;5,000000;2,000000;16840,000000;16850,000000;16822,677517;16867,322483;44,644965;0,002650
benchmarks/ary.lua;luajit;tilera;10000;1;1;None;;total;27800,000000;27800,000000;27800,000000;0,000000;2,000000;27800,000000;27800,000000;27800,000000;27800,000000;0,000000;0,000000
benchmarks/partialsums.lua-3.lua;lua;tilera;500000;1;1;None;pass1;total;26963,333333;26963,305709;26980,000000;38,586123;3,000000;26910,000000;27000,000000;26898,282746;27028,383921;130,101175;0,004825
benchmarks/fibo.lua;luajit;tilera;30;1;1;None;pass2;total;3423,333333;3423,330090;3420,000000;4,714045;3,000000;3420,000000;3430,000000;3415,386139;3431,280527;15,894388;0,004643
benchmarks/nestedloop.lua;lua-x86;tilera;14;1;1;None;pass2;total;210,000000;210,000000;210,000000;0,000000;2,000000;210,000000;210,000000;210,000000;210,000000;0,000000;0,000000
benchmarks/partialsums.lua-2.lua;lua;tilera;500000;1;1;None;;total;53756,666667;53756,429662;53740,000000;159,652400;3,000000;53570,000000;53960,000000;53487,515956;54025,817378;538,301422;0,010014
benchmarks/ary.lua;lua-x86;tilera;10000;1;1;None;;total;1196,666667;1196,489742;1200,000000;20,548047;3,000000;1170,000000;1220,000000;1162,025651;1231,307683;69,282032;0,057896
benchmarks/sieve.lua;luajit;tilera;200;1;1;None;pass2;total;5300,000000;5299,993711;5300,000000;8,164966;3,000000;5290,000000;5310,000000;5286,235056;5313,764944;27,529888;0,005194
benchmarks/nsieve.lua-3.lua;luajit;tilera;6;1;1;None;pass1;total;3863,333333;3863,330459;3860,000000;4,714045;3,000000;3860,000000;3870,000000;3855,386139;3871,280527;15,894388;0,004114
benchmarks/hash.lua;lua-x86;tilera;150000;1;1;None;;total;720,000000;720,000000;720,000000;0,000000;2,000000;720,000000;720,000000;720,000000;720,000000;0,000000;0,000000
benchmarks/partialsums.lua-3.lua;lua-x86;tilera;500000;1;1;None;pass2;total;320,000000;320,000000;320,000000;0,000000;2,000000;320,000000;320,000000;320,000000;320,000000;0,000000;0,000000
benchmarks/ary.lua;lua-x86;tilera;10000;1;1;None;pass2;total;593,333333;593,202920;590,000000;12,472191;3,000000;580,000000;610,000000;572,307034;614,359633;42,052599;0,070875
benchmarks/hello.lua;lua-x86;tilera;0,000000;1;1;None;pass1;total;0,000000;0,000000;0,000000;0,000000;3,000000;0,000000;0,000000;0,000000;0,000000;0,000000;-nan
benchmarks/fannkuch.lua-2.lua;luajit;tilera;9;1;1;None;;total;16405,000000;16404,999238;16405,000000;5,000000;2,000000;16400,000000;16410,000000;16382,677517;16427,322483;44,644965;0,002721
benchmarks/nbody.lua;luajit;tilera;30000;1;1;None;pass2;total;5080,000000;5080,000000;5080,000000;0,000000;2,000000;5080,000000;5080,000000;5080,000000;5080,000000;0,000000;0,000000
benchmarks/binarytrees.lua-2.lua;lua-x86;tilera;10;1;1;None;pass1;total;106,666667;106,265857;100,000000;9,428090;3,000000;100,000000;120,000000;90,772278;122,561055;31,788777;0,298020
benchmarks/recursive.lua;lua-x86;tilera;4;1;1;None;pass1;total;290,000000;290,000000;290,000000;0,000000;2,000000;290,000000;290,000000;290,000000;290,000000;0,000000;0,000000
benchmarks/strcat.lua;luajit;tilera;800000;1;1;None;;total;6916,666667;6916,665060;6920,000000;4,714045;3,000000;6910,000000;6920,000000;6908,719473;6924,613861;15,894388;0,002298
benchmarks/binarytrees.lua-2.lua;lua;tilera;10;1;1;None;pass2;total;2216,666667;2216,526709;2210,000000;24,944383;3,000000;2190,000000;2250,000000;2174,614068;2258,719265;84,105197;0,037942
benchmarks/nbody.lua-4.lua;lua;tilera;30000;1;1;None;;total;10790,000000;10789,867280;10780,000000;53,541261;3,000000;10730,000000;10860,000000;10699,737226;10880,262774;180,525549;0,016731
benchmarks/nsievebits.lua;lua-x86;tilera;5;1;1;None;pass2;total;253,333333;253,289851;250,000000;4,714045;3,000000;250,000000;260,000000;245,386139;261,280527;15,894388;0,062741
benchmarks/strcat.lua-2.lua;lua-x86;tilera;15000;1;1;None;pass2;total;155,000000;154,919334;155,000000;5,000000;2,000000;150,000000;160,000000;132,677517;177,322483;44,644965;0,288032
benchmarks/recursive.lua;luajit;tilera;4;1;1;None;pass2;total;2620,000000;2620,000000;2620,000000;0,000000;2,000000;2620,000000;2620,000000;2620,000000;2620,000000;0,000000;0,000000
benchmarks/spectralnorm.lua;luajit;tilera;220;1;1;None;;total;0,000000;0,000000;0,000000;0,000000;0,000000;0,000000;0,000000;0,000000;0,000000;0,000000;0,000000
benchmarks/mandelbrot.lua;lua-x86;tilera;400;1;1;None;;total;500,000000;500,000000;500,000000;0,000000;2,000000;500,000000;500,000000;500,000000;500,000000;0,000000;0,000000
benchmarks/nsieve.lua-3.lua;lua;tilera;6;1;1;None;pass2;total;5075,000000;5074,997537;5075,000000;5,000000;2,000000;5070,000000;5080,000000;5052,677517;5097,322483;44,644965;0,008797
benchmarks/fasta.lua;lua-x86;tilera;200000;1;1;None;pass1;total;286,666667;286,627601;290,000000;4,714045;3,000000;280,000000;290,000000;278,719473;294,613861;15,894388;0,055446
benchmarks/chameneos.lua;lua;tilera;200000;1;1;None;;total;9173,333333;9173,245087;9150,000000;40,276820;3,000000;9140,000000;9230,000000;9105,432477;9241,234190;135,801713;0,014804
benchmarks/lists.lua;lua-x86;tilera;25;1;1;None;pass1;total;333,333333;333,102062;330,000000;12,472191;3,000000;320,000000;350,000000;312,307034;354,359633;42,052599;0,126158
benchmarks/prodcons.lua;lua;tilera;500000;1;1;None;pass1;total;3300,000000;3300,000000;3300,000000;0,000000;2,000000;3300,000000;3300,000000;3300,000000;3300,000000;0,000000;0,000000
benchmarks/ary.lua;lua;tilera;10000;1;1;None;pass2;total;16835,000000;16834,999257;16835,000000;5,000000;2,000000;16830,000000;16840,000000;16812,677517;16857,322483;44,644965;0,002652
benchmarks/except.lua;lua-x86;tilera;250000;1;1;None;pass2;total;266,666667;266,624646;270,000000;4,714045;3,000000;260,000000;270,000000;258,719473;274,613861;15,894388;0,059604
benchmarks/fasta.lua;lua;tilera;200000;1;1;None;pass1;total;11966,666667;11966,632302;11970,000000;28,674418;3,000000;11930,000000;12000,000000;11918,325772;12015,007561;96,681790;0,008079
benchmarks/fannkuch.lua-2.lua;luajit;tilera;9;1;1;None;pass2;total;8185,000000;8184,998473;8185,000000;5,000000;2,000000;8180,000000;8190,000000;8162,677517;8207,322483;44,644965;0,005454
benchmarks/spectralnorm.lua;lua-x86;tilera;220;1;1;None;pass1;total;220,000000;220,000000;220,000000;0,000000;2,000000;220,000000;220,000000;220,000000;220,000000;0,000000;0,000000
benchmarks/fibo.lua;lua;tilera;30;1;1;None;pass1;total;3350,000000;3350,000000;3350,000000;0,000000;2,000000;3350,000000;3350,000000;3350,000000;3350,000000;0,000000;0,000000
benchmarks/fasta.lua;lua;tilera;200000;1;1;None;;total;23920,000000;23919,977703;23920,000000;32,659863;3,000000;23880,000000;23960,000000;23864,940224;23975,059776;110,119552;0,004604
benchmarks/sieve.lua;luajit;tilera;200;1;1;None;;total;10623,333333;10623,319729;10630,000000;16,996732;3,000000;10600,000000;10640,000000;10594,679317;10651,987349;57,308032;0,005395
benchmarks/hello.lua;lua;tilera;0,000000;1;1;None;pass2;total;0,000000;0,000000;0,000000;0,000000;2,000000;0,000000;0,000000;0,000000;0,000000;0,000000;-nan
benchmarks/process.lua;lua;tilera;100;1;1;None;;total;16,666667;15,874011;20,000000;4,714045;3,000000;10,000000;20,000000;8,719473;24,613861;15,894388;0,953663
benchmarks/sieve.lua;lua;tilera;200;1;1;None;pass1;total;6360,000000;6360,000000;6360,000000;0,000000;2,000000;6360,000000;6360,000000;6360,000000;6360,000000;0,000000;0,000000
benchmarks/lists.lua;luajit;tilera;25;1;1;None;pass1;total;4330,000000;4330,000000;4330,000000;0,000000;2,000000;4330,000000;4330,000000;4330,000000;4330,000000;0,000000;0,000000
benchmarks/wc.lua;luajit;tilera;12;1;1;None;;total;0,000000;0,000000;0,000000;0,000000;0,000000;0,000000;0,000000;0,000000;0,000000;0,000000;0,000000
benchmarks/nbody.lua-4.lua;luajit;tilera;30000;1;1;None;pass2;total;4940,000000;4940,000000;4940,000000;0,000000;2,000000;4940,000000;4940,000000;4940,000000;4940,000000;0,000000;0,000000
benchmarks/strcat.lua-2.lua;luajit;tilera;15000;1;1;None;pass1;total;3610,000000;3610,000000;3610,000000;0,000000;2,000000;3610,000000;3610,000000;3610,000000;3610,000000;0,000000;0,000000
benchmarks/fannkuch.lua-2.lua;lua-x86;tilera;9;1;1;None;pass2;total;620,000000;620,000000;620,000000;0,000000;2,000000;620,000000;620,000000;620,000000;620,000000;0,000000;0,000000
benchmarks/recursive.lua;lua;tilera;4;1;1;None;pass2;total;5090,000000;5090,000000;5090,000000;0,000000;2,000000;5090,000000;5090,000000;5090,000000;5090,000000;0,000000;0,000000
benchmarks/nbody.lua-2.lua;lua-x86;tilera;30000;1;1;None;pass2;total;203,333333;203,279271;200,000000;4,714045;3,000000;200,000000;210,000000;195,386139;211,280527;15,894388;0,078169
benchmarks/chameneos.lua;lua;tilera;200000;1;1;None;pass2;total;4603,333333;4603,294788;4590,000000;18,856181;3,000000;4590,000000;4630,000000;4571,544557;4635,122110;63,577553;0,013811
benchmarks/ary.lua;lua-x86;tilera;10000;1;1;None;pass1;total;603,333333;603,091452;610,000000;16,996732;3,000000;580,000000;620,000000;574,679317;631,987349;57,308032;0,094986
benchmarks/sieve.lua-2.lua;lua-x86;tilera;200;1;1;None;;total;490,000000;490,000000;490,000000;0,000000;2,000000;490,000000;490,000000;490,000000;490,000000;0,000000;0,000000
benchmarks/mandelbrot.lua;lua-x86;tilera;400;1;1;None;pass1;total;250,000000;250,000000;250,000000;0,000000;2,000000;250,000000;250,000000;250,000000;250,000000;0,000000;0,000000
benchmarks/fasta.lua;luajit;tilera;200000;1;1;None;;total;21250,000000;21250,000000;21250,000000;0,000000;2,000000;21250,000000;21250,000000;21250,000000;21250,000000;0,000000;0,000000
benchmarks/lists.lua;lua;tilera;25;1;1;None;pass1;total;5550,000000;5550,000000;5550,000000;0,000000;2,000000;5550,000000;5550,000000;5550,000000;5550,000000;0,000000;0,000000
benchmarks/fibo.lua;luajit;tilera;30;1;1;None;pass1;total;3450,000000;3450,000000;3450,000000;0,000000;3,000000;3450,000000;3450,000000;3450,000000;3450,000000;0,000000;0,000000
benchmarks/hash.lua;lua;tilera;150000;1;1;None;pass1;total;5030,000000;5029,953690;5020,000000;21,602469;3,000000;5010,000000;5060,000000;4993,581381;5066,418619;72,837237;0,014481
benchmarks/fannkuch.lua;lua;tilera;9;1;1;None;;total;22030,000000;22030,000000;22030,000000;0,000000;2,000000;22030,000000;22030,000000;22030,000000;22030,000000;0,000000;0,000000
benchmarks/nbody.lua-4.lua;lua;tilera;30000;1;1;None;pass1;total;5380,000000;5379,981436;5370,000000;14,142136;3,000000;5370,000000;5400,000000;5356,158418;5403,841582;47,683165;0,008863
benchmarks/fannkuch.lua;lua;tilera;9;1;1;None;pass1;total;11015,000000;11014,998865;11015,000000;5,000000;2,000000;11010,000000;11020,000000;10992,677517;11037,322483;44,644965;0,004053
benchmarks/nbody.lua;lua-x86;tilera;30000;1;1;None;pass1;total;233,333333;233,286158;230,000000;4,714045;3,000000;230,000000;240,000000;225,386139;241,280527;15,894388;0,068119
benchmarks/hello.lua;lua-x86;tilera;0,000000;1;1;None;pass2;total;0,000000;0,000000;0,000000;0,000000;3,000000;0,000000;0,000000;0,000000;0,000000;0,000000;-nan
benchmarks/takfp.lua;luajit;tilera;8;1;1;None;;total;3120,000000;3120,000000;3120,000000;0,000000;2,000000;3120,000000;3120,000000;3120,000000;3120,000000;0,000000;0,000000
benchmarks/lists.lua;luajit;tilera;25;1;1;None;;total;8620,000000;8620,000000;8620,000000;0,000000;2,000000;8620,000000;8620,000000;8620,000000;8620,000000;0,000000;0,000000
benchmarks/strcat.lua;lua-x86;tilera;800000;1;1;None;;total;556,666667;556,646626;560,000000;4,714045;3,000000;550,000000;560,000000;548,719473;564,613861;15,894388;0,028553
benchmarks/takfp.lua;lua;tilera;8;1;1;None;pass1;total;2560,000000;2560,000000;2560,000000;0,000000;2,000000;2560,000000;2560,000000;2560,000000;2560,000000;0,000000;0,000000
benchmarks/hash2.lua;luajit;tilera;200;1;1;None;pass2;total;4116,666667;4116,663966;4120,000000;4,714045;3,000000;4110,000000;4120,000000;4108,719473;4124,613861;15,894388;0,003861
benchmarks/nestedloop.lua;lua-x86;tilera;14;1;1;None;pass1;total;200,000000;200,000000;200,000000;0,000000;2,000000;200,000000;200,000000;200,000000;200,000000;0,000000;0,000000
benchmarks/partialsums.lua-2.lua;lua-x86;tilera;500000;1;1;None;pass2;total;306,666667;306,630168;310,000000;4,714045;3,000000;300,000000;310,000000;298,719473;314,613861;15,894388;0,051830
benchmarks/nsievebits.lua;lua-x86;tilera;5;1;1;None;pass1;total;240,000000;240,000000;240,000000;0,000000;3,000000;240,000000;240,000000;240,000000;240,000000;0,000000;0,000000
benchmarks/prodcons.lua;lua;tilera;500000;1;1;None;pass2;total;3320,000000;3320,000000;3320,000000;0,000000;2,000000;3320,000000;3320,000000;3320,000000;3320,000000;0,000000;0,000000
benchmarks/harmonic.lua;lua-x86;tilera;20000000;1;1;None;;total;720,000000;720,000000;720,000000;0,000000;2,000000;720,000000;720,000000;720,000000;720,000000;0,000000;0,000000
benchmarks/fannkuch.lua-2.lua;lua;tilera;9;1;1;None;pass2;total;10663,333333;10663,326042;10660,000000;12,472191;3,000000;10650,000000;10680,000000;10642,307034;10684,359633;42,052599;0,003944
benchmarks/nbody.lua-4.lua;lua-x86;tilera;30000;1;1;None;;total;433,333333;432,557323;420,000000;26,246693;3,000000;410,000000;470,000000;389,085229;477,581438;88,496209;0,204222
benchmarks/nsieve.lua-3.lua;lua-x86;tilera;6;1;1;None;;total;400,000000;399,916649;400,000000;8,164966;3,000000;390,000000;410,000000;386,235056;413,764944;27,529888;0,068825
benchmarks/fannkuch.lua;lua-x86;tilera;9;1;1;None;;total;1230,000000;1229,972899;1230,000000;8,164966;3,000000;1220,000000;1240,000000;1216,235056;1243,764944;27,529888;0,022382
benchmarks/hash2.lua;lua;tilera;200;1;1;None;;total;10150,000000;10149,986864;10150,000000;16,329932;3,000000;10130,000000;10170,000000;10122,470112;10177,529888;55,059776;0,005425
benchmarks/fibo.lua;lua;tilera;30;1;1;None;;total;6690,000000;6690,000000;6690,000000;0,000000;2,000000;6690,000000;6690,000000;6690,000000;6690,000000;0,000000;0,000000
benchmarks/process.lua;luajit;tilera;100;1;1;None;;total;30,000000;28,844991;30,000000;8,164966;3,000000;20,000000;40,000000;16,235056;43,764944;27,529888;0,917663
benchmarks/process.lua;lua-x86;tilera;100;1;1;None;;total;0,000000;0,000000;0,000000;0,000000;3,000000;0,000000;0,000000;0,000000;0,000000;0,000000;-nan
benchmarks/random.lua;lua-x86;tilera;2000000;1;1;None;;total;513,333333;513,311781;510,000000;4,714045;3,000000;510,000000;520,000000;505,386139;521,280527;15,894388;0,030963
benchmarks/takfp.lua;lua;tilera;8;1;1;None;pass2;total;2535,000000;2534,995069;2535,000000;5,000000;2,000000;2530,000000;2540,000000;2512,677517;2557,322483;44,644965;0,017611
benchmarks/harmonic.lua;luajit;tilera;20000000;1;1;None;pass2;total;39300,000000;39300,000000;39300,000000;0,000000;2,000000;39300,000000;39300,000000;39300,000000;39300,000000;0,000000;0,000000
benchmarks/binarytrees.lua-2.lua;lua;tilera;10;1;1;None;pass1;total;2183,333333;2183,176359;2170,000000;26,246693;3,000000;2160,000000;2220,000000;2139,085229;2227,581438;88,496209;0,040533
benchmarks/mandelbrot.lua-2.lua;lua-x86;tilera;350;1;1;None;;total;536,666667;536,645876;540,000000;4,714045;3,000000;530,000000;540,000000;528,719473;544,613861;15,894388;0,029617
benchmarks/except.lua;lua;tilera;250000;1;1;None;pass2;total;4115,000000;4114,996962;4115,000000;5,000000;2,000000;4110,000000;4120,000000;4092,677517;4137,322483;44,644965;0,010849
benchmarks/fibo.lua;lua-x86;tilera;30;1;1;None;pass2;total;213,333333;213,281780;210,000000;4,714045;3,000000;210,000000;220,000000;205,386139;221,280527;15,894388;0,074505
benchmarks/hash.lua;luajit;tilera;150000;1;1;None;pass2;total;4243,333333;4243,322848;4250,000000;9,428090;3,000000;4230,000000;4250,000000;4227,438945;4259,227722;31,788777;0,007491
benchmarks/fannkuch.lua;lua-x86;tilera;9;1;1;None;pass2;total;613,333333;613,315282;610,000000;4,714045;3,000000;610,000000;620,000000;605,386139;621,280527;15,894388;0,025915
benchmarks/nestedloop.lua;lua;tilera;14;1;1;None;;total;8930,000000;8930,000000;8930,000000;0,000000;2,000000;8930,000000;8930,000000;8930,000000;8930,000000;0,000000;0,000000
benchmarks/prodcons.lua;luajit;tilera;500000;1;1;None;;total;0,000000;0,000000;0,000000;0,000000;0,000000;0,000000;0,000000;0,000000;0,000000;0,000000;0,000000
benchmarks/hello.lua;lua;tilera;0,000000;1;1;None;pass1;total;10,000000;10,000000;10,000000;0,000000;2,000000;10,000000;10,000000;10,000000;10,000000;0,000000;0,000000
benchmarks/chameneos.lua;lua-x86;tilera;200000;1;1;None;;total;510,000000;510,000000;510,000000;0,000000;2,000000;510,000000;510,000000;510,000000;510,000000;0,000000;0,000000
benchmarks/recursive.lua;luajit;tilera;4;1;1;None;pass1;total;2640,000000;2640,000000;2640,000000;0,000000;2,000000;2640,000000;2640,000000;2640,000000;2640,000000;0,000000;0,000000
benchmarks/except.lua;lua-x86;tilera;250000;1;1;None;;total;533,333333;533,312586;530,000000;4,714045;3,000000;530,000000;540,000000;525,386139;541,280527;15,894388;0,029802
benchmarks/process.lua;lua-x86;tilera;100;1;1;None;pass2;total;0,000000;0,000000;0,000000;0,000000;3,000000;0,000000;0,000000;0,000000;0,000000;0,000000;-nan
benchmarks/fasta.lua;lua-x86;tilera;200000;1;1;None;pass2;total;286,666667;286,627601;290,000000;4,714045;3,000000;280,000000;290,000000;278,719473;294,613861;15,894388;0,055446
benchmarks/mandelbrot.lua-2.lua;lua;tilera;350;1;1;None;;total;12090,000000;12090,000000;12090,000000;0,000000;2,000000;12090,000000;12090,000000;12090,000000;12090,000000;0,000000;0,000000
benchmarks/nsieve.lua-3.lua;luajit;tilera;6;1;1;None;;total;7920,000000;7919,995791;7920,000000;8,164966;3,000000;7910,000000;7930,000000;7906,235056;7933,764944;27,529888;0,003476
benchmarks/except.lua;lua-x86;tilera;250000;1;1;None;pass1;total;266,666667;266,624646;270,000000;4,714045;3,000000;260,000000;270,000000;258,719473;274,613861;15,894388;0,059604
benchmarks/matrix.lua;lua;tilera;100;1;1;None;;total;9470,000000;9470,000000;9470,000000;0,000000;2,000000;9470,000000;9470,000000;9470,000000;9470,000000;0,000000;0,000000
benchmarks/strcat.lua;lua;tilera;800000;1;1;None;pass2;total;3350,000000;3349,791626;3340,000000;37,416574;3,000000;3310,000000;3400,000000;3286,921102;3413,078898;126,157796;0,037659
benchmarks/random.lua;lua;tilera;2000000;1;1;None;pass1;total;12220,000000;12220,000000;12220,000000;0,000000;2,000000;12220,000000;12220,000000;12220,000000;12220,000000;0,000000;0,000000
benchmarks/sieve.lua;lua;tilera;200;1;1;None;;total;12705,000000;12704,999016;12705,000000;5,000000;2,000000;12700,000000;12710,000000;12682,677517;12727,322483;44,644965;0,003514
benchmarks/random.lua;lua;tilera;2000000;1;1;None;;total;24435,000000;24434,999488;24435,000000;5,000000;2,000000;24430,000000;24440,000000;24412,677517;24457,322483;44,644965;0,001827
benchmarks/partialsums.lua-3.lua;luajit;tilera;500000;1;1;None;;total;0,000000;0,000000;0,000000;0,000000;0,000000;0,000000;0,000000;0,000000;0,000000;0,000000;0,000000
benchmarks/chameneos.lua;luajit;tilera;200000;1;1;None;;total;0,000000;0,000000;0,000000;0,000000;0,000000;0,000000;0,000000;0,000000;0,000000;0,000000;0,000000
benchmarks/process.lua;luajit;tilera;100;1;1;None;pass1;total;23,333333;22,894285;20,000000;4,714045;3,000000;20,000000;30,000000;15,386139;31,280527;15,894388;0,681188
benchmarks/chameneos.lua;lua-x86;tilera;200000;1;1;None;pass2;total;255,000000;254,950976;255,000000;5,000000;2,000000;250,000000;260,000000;232,677517;277,322483;44,644965;0,175078
benchmarks/sieve.lua;luajit;tilera;200;1;1;None;pass1;total;5323,333333;5323,324977;5330,000000;9,428090;3,000000;5310,000000;5330,000000;5307,438945;5339,227722;31,788777;0,005972
benchmarks/hash2.lua;luajit;tilera;200;1;1;None;;total;8263,333333;8263,323925;8260,000000;12,472191;3,000000;8250,000000;8280,000000;8242,307034;8284,359633;42,052599;0,005089
benchmarks/fannkuch.lua;lua;tilera;9;1;1;None;pass2;total;11015,000000;11014,998865;11015,000000;5,000000;2,000000;11010,000000;11020,000000;10992,677517;11037,322483;44,644965;0,004053
benchmarks/mandelbrot.lua;lua-x86;tilera;400;1;1;None;pass2;total;250,000000;250,000000;250,000000;0,000000;2,000000;250,000000;250,000000;250,000000;250,000000;0,000000;0,000000
benchmarks/nestedloop.lua;lua;tilera;14;1;1;None;pass2;total;4460,000000;4460,000000;4460,000000;0,000000;2,000000;4460,000000;4460,000000;4460,000000;4460,000000;0,000000;0,000000
benchmarks/binarytrees.lua-3.lua;lua;tilera;10;1;1;None;pass1;total;2110,000000;2109,984202;2110,000000;8,164966;3,000000;2100,000000;2120,000000;2096,235056;2123,764944;27,529888;0,013047
benchmarks/fannkuch.lua;luajit;tilera;9;1;1;None;pass2;total;8856,666667;8856,650369;8850,000000;16,996732;3,000000;8840,000000;8880,000000;8828,012651;8885,320683;57,308032;0,006471
benchmarks/partialsums.lua-2.lua;luajit;tilera;500000;1;1;None;;total;0,000000;0,000000;0,000000;0,000000;0,000000;0,000000;0,000000;0,000000;0,000000;0,000000;0,000000
benchmarks/strcat.lua-2.lua;luajit;tilera;15000;1;1;None;pass2;total;3545,000000;3544,996474;3545,000000;5,000000;2,000000;3540,000000;3550,000000;3522,677517;3567,322483;44,644965;0,012594
benchmarks/fannkuchredux.lua;lua;tilera;9;1;1;None;;total;22985,000000;22984,999456;22985,000000;5,000000;2,000000;22980,000000;22990,000000;22962,677517;23007,322483;44,644965;0,001942
benchmarks/hello.lua;luajit;tilera;0,000000;1;1;None;;total;20,000000;20,000000;20,000000;0,000000;2,000000;20,000000;20,000000;20,000000;20,000000;0,000000;0,000000
benchmarks/mandelbrot.lua-2.lua;lua;tilera;350;1;1;None;pass1;total;6045,000000;6044,997932;6045,000000;5,000000;2,000000;6040,000000;6050,000000;6022,677517;6067,322483;44,644965;0,007385
benchmarks/matrix.lua;luajit;tilera;100;1;1;None;;total;0,000000;0,000000;0,000000;0,000000;0,000000;0,000000;0,000000;0,000000;0,000000;0,000000;0,000000
benchmarks/nbody.lua-2.lua;lua;tilera;30000;1;1;None;;total;10730,000000;10730,000000;10730,000000;0,000000;2,000000;10730,000000;10730,000000;10730,000000;10730,000000;0,000000;0,000000
benchmarks/hash.lua;lua-x86;tilera;150000;1;1;None;pass2;total;280,000000;280,000000;280,000000;0,000000;2,000000;280,000000;280,000000;280,000000;280,000000;0,000000;0,000000
benchmarks/nbody.lua-4.lua;lua;tilera;30000;1;1;None;pass2;total;5410,000000;5409,699440;5380,000000;57,154761;3,000000;5360,000000;5490,000000;5313,645392;5506,354608;192,709216;0,035621
benchmarks/nsievebits.lua;lua-x86;tilera;5;1;1;None;;total;493,333333;493,310911;490,000000;4,714045;3,000000;490,000000;500,000000;485,386139;501,280527;15,894388;0,032218
benchmarks/fannkuch.lua-2.lua;lua;tilera;9;1;1;None;pass1;total;10663,333333;10663,319780;10670,000000;16,996732;3,000000;10640,000000;10680,000000;10634,679317;10691,987349;57,308032;0,005374
benchmarks/fannkuchredux.lua;luajit;tilera;9;1;1;None;pass1;total;9133,333333;9133,332117;9130,000000;4,714045;3,000000;9130,000000;9140,000000;9125,386139;9141,280527;15,894388;0,001740
benchmarks/binarytrees.lua-3.lua;lua;tilera;10;1;1;None;;total;4246,666667;4246,648338;4250,000000;12,472191;3,000000;4230,000000;4260,000000;4225,640367;4267,692966;42,052599;0,009902
benchmarks/spectralnorm.lua;lua;tilera;220;1;1;None;pass2;total;9340,000000;9340,000000;9340,000000;0,000000;2,000000;9340,000000;9340,000000;9340,000000;9340,000000;0,000000;0,000000
benchmarks/nbody.lua;lua-x86;tilera;30000;1;1;None;;total;466,666667;466,572317;460,000000;9,428090;3,000000;460,000000;480,000000;450,772278;482,561055;31,788777;0,068119
benchmarks/partialsums.lua-3.lua;lua;tilera;500000;1;1;None;;total;53896,666667;53896,615734;53910,000000;74,087036;3,000000;53800,000000;53980,000000;53771,766707;54021,566627;249,799920;0,004635
benchmarks/matrix.lua;lua-x86;tilera;100;1;1;None;pass2;total;230,000000;230,000000;230,000000;0,000000;2,000000;230,000000;230,000000;230,000000;230,000000;0,000000;0,000000
benchmarks/fannkuchredux.lua;lua;tilera;9;1;1;None;pass2;total;11485,000000;11484,998912;11485,000000;5,000000;2,000000;11480,000000;11490,000000;11462,677517;11507,322483;44,644965;0,003887
benchmarks/fannkuchredux.lua;lua;tilera;9;1;1;None;pass1;total;11500,000000;11500,000000;11500,000000;0,000000;2,000000;11500,000000;11500,000000;11500,000000;11500,000000;0,000000;0,000000
benchmarks/fannkuch.lua-2.lua;lua-x86;tilera;9;1;1;None;;total;1240,000000;1240,000000;1240,000000;0,000000;2,000000;1240,000000;1240,000000;1240,000000;1240,000000;0,000000;0,000000
benchmarks/mandelbrot.lua;luajit;tilera;400;1;1;None;pass1;total;7620,000000;7620,000000;7620,000000;0,000000;2,000000;7620,000000;7620,000000;7620,000000;7620,000000;0,000000;0,000000
benchmarks/sieve.lua-2.lua;lua;tilera;200;1;1;None;;total;14593,333333;14593,330287;14600,000000;9,428090;3,000000;14580,000000;14600,000000;14577,438945;14609,227722;31,788777;0,002178
benchmarks/lists.lua;lua;tilera;25;1;1;None;pass2;total;5530,000000;5530,000000;5530,000000;0,000000;2,000000;5530,000000;5530,000000;5530,000000;5530,000000;0,000000;0,000000
benchmarks/except.lua;lua;tilera;250000;1;1;None;pass1;total;4130,000000;4130,000000;4130,000000;0,000000;2,000000;4130,000000;4130,000000;4130,000000;4130,000000;0,000000;0,000000
benchmarks/fannkuch.lua;lua-x86;tilera;9;1;1;None;pass1;total;616,666667;616,595106;610,000000;9,428090;3,000000;610,000000;630,000000;600,772278;632,561055;31,788777;0,051549
benchmarks/fannkuchredux.lua;lua-x86;tilera;9;1;1;None;pass1;total;676,666667;676,650192;680,000000;4,714045;3,000000;670,000000;680,000000;668,719473;684,613861;15,894388;0,023489
benchmarks/nbody.lua-4.lua;lua-x86;tilera;30000;1;1;None;pass2;total;216,666667;216,465560;210,000000;9,428090;3,000000;210,000000;230,000000;200,772278;232,561055;31,788777;0,146717
benchmarks/hash.lua;luajit;tilera;150000;1;1;None;pass1;total;5256,666667;5256,639219;5250,000000;16,996732;3,000000;5240,000000;5280,000000;5228,012651;5285,320683;57,308032;0,010902
benchmarks/harmonic.lua;luajit;tilera;20000000;1;1;None;pass1;total;39320,000000;39320,000000;39320,000000;0,000000;2,000000;39320,000000;39320,000000;39320,000000;39320,000000;0,000000;0,000000
benchmarks/mandelbrot.lua-2.lua;lua-x86;tilera;350;1;1;None;pass1;total;276,666667;276,626178;280,000000;4,714045;3,000000;270,000000;280,000000;268,719473;284,613861;15,894388;0,057450
benchmarks/fannkuchredux.lua;luajit;tilera;9;1;1;None;;total;18163,333333;18163,329052;18160,000000;12,472191;3,000000;18150,000000;18180,000000;18142,307034;18184,359633;42,052599;0,002315
benchmarks/binarytrees.lua-2.lua;lua-x86;tilera;10;1;1;None;;total;223,333333;222,989496;220,000000;12,472191;3,000000;210,000000;240,000000;202,307034;244,359633;42,052599;0,188295
benchmarks/chameneos.lua;lua;tilera;200000;1;1;None;pass1;total;4566,666667;4566,635078;4560,000000;16,996732;3,000000;4550,000000;4590,000000;4538,012651;4595,320683;57,308032;0,012549
benchmarks/hash2.lua;lua;tilera;200;1;1;None;pass2;total;5050,000000;5050,000000;5050,000000;0,000000;3,000000;5050,000000;5050,000000;5050,000000;5050,000000;0,000000;0,000000
benchmarks/fibo.lua;lua-x86;tilera;30;1;1;None;pass1;total;206,666667;206,456023;200,000000;9,428090;3,000000;200,000000;220,000000;190,772278;222,561055;31,788777;0,153817
benchmarks/nestedloop.lua;lua-x86;tilera;14;1;1;None;;total;410,000000;410,000000;410,000000;0,000000;2,000000;410,000000;410,000000;410,000000;410,000000;0,000000;0,000000
benchmarks/harmonic.lua;lua;tilera;20000000;1;1;None;pass1;total;41630,000000;41630,000000;41630,000000;0,000000;2,000000;41630,000000;41630,000000;41630,000000;41630,000000;0,000000;0,000000
benchmarks/hash2.lua;lua-x86;tilera;200;1;1;None;pass1;total;273,333333;273,051796;270,000000;12,472191;3,000000;260,000000;290,000000;252,307034;294,359633;42,052599;0,153851
benchmarks/binarytrees.lua-3.lua;luajit;tilera;10;1;1;None;pass1;total;2966,666667;2966,527929;2970,000000;28,674418;3,000000;2930,000000;3000,000000;2918,325772;3015,007561;96,681790;0,032589
benchmarks/fannkuch.lua;luajit;tilera;9;1;1;None;;total;17683,333333;17683,325162;17690,000000;16,996732;3,000000;17660,000000;17700,000000;17654,679317;17711,987349;57,308032;0,003241
benchmarks/strcat.lua;lua;tilera;800000;1;1;None;pass1;total;3366,666667;3365,934041;3350,000000;70,395707;3,000000;3290,000000;3460,000000;3247,989750;3485,343583;237,353833;0,070501
benchmarks/mandelbrot.lua;lua;tilera;400;1;1;None;pass2;total;7865,000000;7864,998411;7865,000000;5,000000;2,000000;7860,000000;7870,000000;7842,677517;7887,322483;44,644965;0,005676
benchmarks/binarytrees.lua-3.lua;lua;tilera;10;1;1;None;pass2;total;2120,000000;2119,984277;2120,000000;8,164966;3,000000;2110,000000;2130,000000;2106,235056;2133,764944;27,529888;0,012986
benchmarks/ary.lua;luajit;tilera;10000;1;1;None;pass1;total;13895,000000;13894,991904;13895,000000;15,000000;2,000000;13880,000000;13910,000000;13828,032552;13961,967448;133,934895;0,009639
benchmarks/partialsums.lua-2.lua;lua;tilera;500000;1;1;None;pass1;total;26886,666667;26886,542306;26880,000000;81,785628;3,000000;26790,000000;26990,000000;26748,788001;27024,545332;275,757330;0,010256
benchmarks/prodcons.lua;lua-x86;tilera;500000;1;1;None;pass2;total;263,333333;263,291489;260,000000;4,714045;3,000000;260,000000;270,000000;255,386139;271,280527;15,894388;0,060358
benchmarks/mandelbrot.lua;lua;tilera;400;1;1;None;pass1;total;7875,000000;7874,998413;7875,000000;5,000000;2,000000;7870,000000;7880,000000;7852,677517;7897,322483;44,644965;0,005669
benchmarks/sieve.lua-2.lua;luajit;tilera;200;1;1;None;;total;12170,000000;12170,000000;12170,000000;0,000000;2,000000;12170,000000;12170,000000;12170,000000;12170,000000;0,000000;0,000000
benchmarks/nbody.lua;lua;tilera;30000;1;1;None;pass1;total;5670,000000;5669,976484;5670,000000;16,329932;3,000000;5650,000000;5690,000000;5642,470112;5697,529888;55,059776;0,009711
benchmarks/nestedloop.lua;lua;tilera;14;1;1;None;pass1;total;4470,000000;4470,000000;4470,000000;0,000000;2,000000;4470,000000;4470,000000;4470,000000;4470,000000;0,000000;0,000000
benchmarks/chameneos.lua;lua-x86;tilera;200000;1;1;None;pass1;total;255,000000;254,950976;255,000000;5,000000;2,000000;250,000000;260,000000;232,677517;277,322483;44,644965;0,175078
benchmarks/hash2.lua;lua;tilera;200;1;1;None;pass1;total;5060,000000;5059,973649;5060,000000;16,329932;3,000000;5040,000000;5080,000000;5032,470112;5087,529888;55,059776;0,010881
benchmarks/nsievebits.lua;lua;tilera;5;1;1;None;;total;16620,000000;16619,973941;16610,000000;29,439203;3,000000;16590,000000;16660,000000;16570,369788;16669,630212;99,260423;0,005972
benchmarks/fannkuch.lua-2.lua;lua-x86;tilera;9;1;1;None;pass1;total;620,000000;620,000000;620,000000;0,000000;2,000000;620,000000;620,000000;620,000000;620,000000;0,000000;0,000000
benchmarks/harmonic.lua;luajit;tilera;20000000;1;1;None;;total;78620,000000;78620,000000;78620,000000;0,000000;2,000000;78620,000000;78620,000000;78620,000000;78620,000000;0,000000;0,000000
benchmarks/recursive.lua;lua-x86;tilera;4;1;1;None;;total;580,000000;580,000000;580,000000;0,000000;2,000000;580,000000;580,000000;580,000000;580,000000;0,000000;0,000000
benchmarks/binarytrees.lua-2.lua;luajit;tilera;10;1;1;None;pass1;total;2973,333333;2973,092721;3000,000000;37,712362;3,000000;2920,000000;3000,000000;2909,755780;3036,910886;127,155106;0,042765
benchmarks/spectralnorm.lua;lua;tilera;220;1;1;None;pass1;total;9350,000000;9350,000000;9350,000000;0,000000;2,000000;9350,000000;9350,000000;9350,000000;9350,000000;0,000000;0,000000
benchmarks/lists.lua;lua;tilera;25;1;1;None;;total;11080,000000;11080,000000;11080,000000;0,000000;2,000000;11080,000000;11080,000000;11080,000000;11080,000000;0,000000;0,000000
benchmarks/recursive.lua;lua;tilera;4;1;1;None;pass1;total;5100,000000;5100,000000;5100,000000;0,000000;2,000000;5100,000000;5100,000000;5100,000000;5100,000000;0,000000;0,000000
benchmarks/fannkuchredux.lua;lua-x86;tilera;9;1;1;None;;total;1346,666667;1346,633771;1340,000000;9,428090;3,000000;1340,000000;1360,000000;1330,772278;1362,561055;31,788777;0,023606
benchmarks/nestedloop.lua;luajit;tilera;14;1;1;None;pass2;total;3610,000000;3610,000000;3610,000000;0,000000;2,000000;3610,000000;3610,000000;3610,000000;3610,000000;0,000000;0,000000
benchmarks/fannkuchredux.lua;luajit;tilera;9;1;1;None;pass2;total;9030,000000;9029,988934;9020,000000;14,142136;3,000000;9020,000000;9050,000000;9006,158418;9053,841582;47,683165;0,005281
benchmarks/mandelbrot.lua-2.lua;luajit;tilera;350;1;1;None;pass1;total;5755,000000;5754,997828;5755,000000;5,000000;2,000000;5750,000000;5760,000000;5732,677517;5777,322483;44,644965;0,007758
benchmarks/mandelbrot.lua-2.lua;lua;tilera;350;1;1;None;pass2;total;6040,000000;6040,000000;6040,000000;0,000000;2,000000;6040,000000;6040,000000;6040,000000;6040,000000;0,000000;0,000000
benchmarks/fannkuch.lua;luajit;tilera;9;1;1;None;pass1;total;8826,666667;8826,661634;8820,000000;9,428090;3,000000;8820,000000;8840,000000;8810,772278;8842,561055;31,788777;0,003601
benchmarks/process.lua;luajit;tilera;100;1;1;None;pass2;total;6,666667;0,000000;10,000000;4,714045;3,000000;0,000000;10,000000;-1,280527;14,613861;15,894388;2,384158
benchmarks/hash.lua;lua-x86;tilera;150000;1;1;None;pass1;total;310,000000;310,000000;310,000000;0,000000;2,000000;310,000000;310,000000;310,000000;310,000000;0,000000;0,000000
benchmarks/sieve.lua-2.lua;lua;tilera;200;1;1;None;pass2;total;7283,333333;7283,327227;7290,000000;9,428090;3,000000;7270,000000;7290,000000;7267,438945;7299,227722;31,788777;0,004365
benchmarks/random.lua;lua-x86;tilera;2000000;1;1;None;pass1;total;260,000000;260,000000;260,000000;0,000000;3,000000;260,000000;260,000000;260,000000;260,000000;0,000000;0,000000
benchmarks/strcat.lua;luajit;tilera;800000;1;1;None;pass2;total;3356,666667;3356,663354;3360,000000;4,714045;3,000000;3350,000000;3360,000000;3348,719473;3364,613861;15,894388;0,004735
benchmarks/binarytrees.lua-3.lua;lua-x86;tilera;10;1;1;None;;total;226,666667;226,474270;220,000000;9,428090;3,000000;220,000000;240,000000;210,772278;242,561055;31,788777;0,140245
